Medical Condition,Billing Amount
Diabetes,26060.11612917806
Obesity,25720.84268283535
Cancer,25539.096132609586
Asthma,25416.8698952756
Hypertension,25198.033972780013
Arthritis,25187.631255184566
