Blood Type,Billing Amount
A-,26246.468596396237
AB+,25913.10001037158
B-,25677.72625031842
O-,25563.550323605712
B+,25516.822097454173
AB-,25376.492039308792
O+,25037.420206500825
A+,24804.218788855043
