Total Patients,Total Billing,Average Billing
10000,255168067.77738398,25516.8067777384
